Workbook

Sheet Sprint 1
A1: Project name: | C1: Ứng dụng đặt phòng thông minh với AI Search Assistant và gợi ý theo hành vi người dùng | F1: Kết thúc đúng hạn
A2: Module name: | C2: Sprint 1 | F2: Muộn
A3: Start date: | C3: 45969 | F3: Trước thời hạn
A4: End date: | C4: 22/11/2025
B6: SPRINT 1 REPORT
B7: No | C7: Thành viên | D7: Thực tế | E7: Ước tính
B8: 1 | C8: Ngô Văn Giỏi | D8: =SUMIF($E$16:$F$88,"Thành",$G$16:$G$88)+SUMIF($E$16:$F$88,"All team",$G$16:$G$88)/5+SUMIF($E$16:$F$88,"Thành,Mạnh",$G$16:$G$88)/2 -> 10.8 | E8: =SUMIF($E$16:$F$88,"Thành",$H$16:$H$88)+SUMIF($E$16:$F$88,"All team",$H$16:$H$88)/5+SUMIF($E$16:$F$88,"Thành,Mạnh",$H$16:$H$88)/2 -> 11.6
B9: 2 | C9: Nguyễn Ngọc Sơn | D9: =SUMIF($E$16:$F$88,"Mạnh",$G$16:$G$88)+SUMIF($E$16:$F$88,"All team",$G$16:$G$88)/5+SUMIF($E$16:$F$88,"Thành,Mạnh",$G$16:$G$88)/2+SUMIF($E$16:$F$88,"Mạnh,Phương",$G$16:$G$88)/2+SUMIF($E$16:$F$88,"Mạnh,Lộc,Phương,Hoàng",$G$16:$G$88)/4 -> 10.8 | E9: =SUMIF($E$16:$F$88,"Mạnh",$H$16:$H$88)+SUMIF($E$16:$F$88,"All team",$H$16:$H$88)/5+SUMIF($E$16:$F$88,"Thành,Mạnh",$H$16:$H$88)/2+SUMIF($E$16:$F$88,"Mạnh,Phương",$H$16:$H$88)/2+SUMIF($E$16:$F$88,"Mạnh,Lộc,Phương,Hoàng",$H$16:$H$88)/4 -> 11.6
B10: 3 | C10: Nguyễn Thanh Long | D10: =SUMIF($E$16:$F$88,"Phương",$G$16:$G$88)+SUMIF($E$16:$F$88,"All team",$G$16:$G$88)/5+SUMIF($E$16:$F$88,"Mạnh,Phương",$G$16:$G$88)/2+SUMIF($E$16:$F$88,"Mạnh,Lộc,Phương,Hoàng",$G$16:$G$88)/4 -> 10.8 | E10: =SUMIF($E$16:$F$88,"Phương",$H$16:$H$88)+SUMIF($E$16:$F$88,"All team",$H$16:$H$88)/5+SUMIF($E$16:$F$88,"Mạnh,Phương",$H$16:$H$88)/2+SUMIF($E$16:$F$88,"Mạnh,Lộc,Phương,Hoàng",$H$16:$H$88)/4 -> 11.6
B11: 4 | C11: Nguyễn Thanh Long | D11: =SUMIF($E$16:$F$88,"Lộc",$G$16:$G$88)+SUMIF($E$16:$F$88,"All team",$G$16:$G$88)/5+SUMIF($E$16:$F$88,"Mạnh,Lộc,Phương,Hoàng",$G$16:$G$88)/4 -> 10.8 | E11: =SUMIF($E$16:$F$88,"Lộc",$H$16:$H$88)+SUMIF($E$16:$F$88,"All team",$H$16:$H$88)/5+SUMIF($E$16:$F$88,"Mạnh,Lộc,Phương,Hoàng",$H$16:$H$88)/4 -> 11.6
B12: 5 | C12: Nguyễn Phước Thanh Tuấn | D12: =SUMIF($E$16:$F$88,"Hoàng",$G$16:$G$88)+SUMIF($E$16:$F$88,"All team",$G$16:$G$88)/5+SUMIF($E$16:$F$88,"Mạnh,Lộc,Phương,Hoàng",$G$16:$G$88)/4 -> 10.8 | E12: =SUMIF($E$16:$F$88,"Hoàng",$H$16:$H$88)+SUMIF($E$16:$F$88,"All team",$H$16:$H$88)/5+SUMIF($E$16:$F$88,"Mạnh,Lộc,Phương,Hoàng",$H$16:$H$88)/4 -> 11.6
B13: Tổng | D13: =SUM(D8:D12) -> 54 | E13: =SUM(E8:E12) -> 58
W14: *
A15: Sprint | B15: Compoment | C15: Task name | E15: Responsible Member | G15: Thực tế | H15: Ước tính | I15: 45880 | J15: 45911 | K15: 45941 | L15: 45972 | M15: 46002 | N15: 13/11/2025 | O15: 14/11/2025 | P15: 15/11/2025 | Q15: 16/11/2025 | R15: 17/11/2025 | S15: 18/11/2025 | T15: 19/11/2025 | U15: 20/11/2025 | V15: 21/11/2025 | W15: 22/11/2025
A16: Sprint 1 | B16: Họp kế hoạch Sprint | E16: All team | G16: =H16-I16 -> 10 | H16: 10 | I16: 0 | J16: 0 | K16: 0 | L16: 0 | M16: 0 | N16: 0 | O16: 0 | P16: 0 | Q16: 0 | R16: 0 | S16: 0 | T16: 0 | U16: 0 | V16: 0 | W16: 0
B17: Tạo Sprint Backlog 1 | E17: All team | G17: 4 | H17: 4 | I17: 4 | J17: 0 | K17: 0 | L17: 0 | M17: 0 | N17: 0 | O17: 0 | P17: 0 | Q17: 0 | R17: 0 | S17: 0 | T17: 0 | U17: 0 | V17: 0 | W17: 0
B18: Tạo tài liệu kiểm thử cho Sprint | E18: All team | G18: =H18-K18 -> 4 | H18: 4 | I18: 4 | J18: 4 | K18: 0 | L18: 0 | M18: 0 | N18: 0 | O18: 0 | P18: 0 | Q18: 0 | R18: 0 | S18: 0 | T18: 0 | U18: 0 | V18: 0 | W18: 0
B19: User interface design | C19: Giao diện đăng nhập | E19: Tuấn | G19: 1 | H19: 1 | I19: 1 | J19: 1 | K19: 1 | L19: 0 | M19: 0 | N19: 0 | O19: 0 | P19: 0 | Q19: 0 | R19: 0 | S19: 0 | T19: 0 | U19: 0 | V19: 0 | W19: 0
C20: Giao diện đăng xuất | E20: Tuấn | G20: 1 | H20: 1 | I20: 1 | J20: 1 | K20: 1 | L20: 0 | M20: 0 | N20: 0 | O20: 0 | P20: 0 | Q20: 0 | R20: 0 | S20: 0 | T20: 0 | U20: 0 | V20: 0 | W20: 0
C21: Giao diện Đăng ký Tài Khoản | E21: Sơn | G21: 2 | H21: 1 | I21: 1 | J21: 1 | K21: 1 | L21: 0 | M21: 0 | N21: 0 | O21: 0 | P21: 0 | Q21: 0 | R21: 0 | S21: 0 | T21: 0 | U21: 0 | V21: 0 | W21: 0
L22: 1
C23: Giao diện Tìm Kiếm Khách Sạn | E23: Long | G23: 1 | H23: 1 | I23: 1 | J23: 1 | K23: 1 | L23: 0 | M23: 0 | N23: 0 | O23: 0 | P23: 0 | Q23: 0 | R23: 0 | S23: 0 | T23: 0 | U23: 0 | V23: 0 | W23: 0
C24: Giao diện Xem Chi Tiết Khách Sạn | E24: Long | G24: 1 | H24: 1 | I24: 1 | J24: 1 | K24: 1 | L24: 1 | M24: 0 | N24: 0 | O24: 0 | P24: 0 | Q24: 0 | R24: 0 | S24: 0 | T24: 0 | U24: 0 | V24: 0 | W24: 0
C25: Giao diện Đổi mật khẩu | E25: Toàn | G25: 1 | H25: 1 | I25: 1 | J25: 1 | K25: 1 | L25: 1 | M25: 0 | N25: 0 | O25: 0 | P25: 0 | Q25: 0 | R25: 0 | S25: 0 | T25: 0 | U25: 0 | V25: 0 | W25: 0
C26: Giao diện người dùng | E26: Toàn | G26: 1 | H26: 1 | I26: 1 | J26: 1 | K26: 1 | L26: 1 | M26: 1 | N26: 0 | O26: 0 | P26: 0 | Q26: 0 | R26: 0 | S26: 0 | T26: 0 | U26: 0 | V26: 0 | W26: 0
C27: Giao diện phân quyền | E27: Giỏi | G27: 1 | H27: 1 | I27: 1 | J27: 1 | K27: 1 | L27: 1 | M27: 1 | N27: 0 | O27: 0 | P27: 0 | Q27: 0 | R27: 0 | S27: 0 | T27: 0 | U27: 0 | V27: 0 | W27: 0
C28: Review all user interfaces of sprint 1 | E28: All team | G28: =H28+N29 -> 10 | H28: 10 | I28: 10 | J28: 10 | K28: 10 | L28: 10 | M28: 10 | N28: 10 | O28: 10 | P28: 0 | Q28: 0 | R28: 0 | S28: 0 | T28: 0 | U28: 0 | V28: 0 | W28: 0
J29: 2 | O29: -4
B30: Design test case | C30: Thiết kế trường kiểm thử cho đăng nhập | E30: Tuấn | G30: 1 | H30: 1 | I30: 1 | J30: 1 | K30: 1 | L30: 1 | M30: 1 | N30: 1 | O30: 1 | P30: 0 | Q30: 0 | R30: 0 | S30: 0 | T30: 0 | U30: 0 | V30: 0 | W30: 0
C31: Thiết kế trường kiểm thử cho đăng xuất | E31: Tuấn | G31: 1 | H31: 1 | I31: 1 | J31: 1 | K31: 1 | L31: 1 | M31: 1 | N31: 1 | O31: 1 | P31: 0 | Q31: 0 | R31: 0 | S31: 0 | T31: 0 | U31: 0 | V31: 0 | W31: 0
C32: Thiết kế trường kiểm thử cho đổi mật khẩu | E32: Toàn | G32: 1 | H32: 1 | I32: 1 | J32: 1 | K32: 1 | L32: 1 | M32: 1 | N32: 1 | O32: 1 | P32: 0 | Q32: 0 | R32: 0 | S32: 0 | T32: 0 | U32: 0 | V32: 0 | W32: 0
C33: Thiết kế trường kiểm thử cho Đăng ký Tài Khoản | E33: Sơn | G33: 1 | H33: 1 | I33: 1 | J33: 1 | K33: 1 | L33: 1 | M33: 1 | N33: 1 | O33: 1 | P33: 0 | Q33: 0 | R33: 0 | S33: 0 | T33: 0 | U33: 0 | V33: 0 | W33: 0
C34: Thiết kế trường kiểm thử cho Tìm Kiếm Khách Sạn | E34: Long | G34: 1 | H34: 1 | I34: 1 | J34: 1 | K34: 1 | L34: 1 | M34: 1 | N34: 1 | O34: 1 | P34: 0 | Q34: 0 | R34: 0 | S34: 0 | T34: 0 | U34: 0 | V34: 0 | W34: 0
C35: Thiết kế trường kiểm thử cho Chi Tiết Khách Sạn | E35: Long | G35: 1 | H35: 1 | I35: 1 | J35: 1 | K35: 1 | L35: 1 | M35: 1 | N35: 1 | O35: 1 | P35: 0 | Q35: 0 | R35: 0 | S35: 0 | T35: 0 | U35: 0 | V35: 0 | W35: 0
C36: Thiết kế trường kiểm thử cho quản lý người dùng | E36: Toàn | G36: 2 | H36: 2 | I36: 2 | J36: 2 | K36: 2 | L36: 2 | M36: 2 | N36: 2 | O36: 2 | P36: 2 | Q36: 0 | R36: 0 | S36: 0 | T36: 0 | U36: 0 | V36: 0 | W36: 0
C37: Thiết kế trường kiểm thử cho quản lý phân quyền | E37: Giỏi | G37: 3 | H37: 2 | I37: 2 | J37: 2 | K37: 2 | L37: 2 | M37: 2 | N37: 2 | O37: 2 | P37: 2 | Q37: 0 | R37: 0 | S37: 0 | T37: 0 | U37: 0 | V37: 0 | W37: 0
Q38: 1
C39: Review all test case of sprint 1 | E39: All team | G39: 8 | H39: 10 | I39: 10 | J39: 10 | K39: 10 | L39: 10 | M39: 10 | N39: 10 | O39: 10 | P39: 10 | Q39: 8 | R39: 0 | S39: 0 | T39: 0 | U39: 0 | V39: 0 | W39: 0
R40: -2
B41: Coding | C41: Thiết kê front-end cho quản lý người dùng | E41: Toàn | G41: 2 | H41: 2 | I41: 2 | J41: 2 | K41: 2 | L41: 2 | M41: 2 | N41: 2 | O41: 2 | P41: 2 | Q41: 2 | R41: 0 | S41: 0 | T41: 0 | U41: 0 | V41: 0 | W41: 0
C42: Code back-end cho quản lý người dùng | E42: Giỏi | G42: 2 | H42: 2 | I42: 2 | J42: 2 | K42: 2 | L42: 2 | M42: 2 | N42: 2 | O42: 2 | P42: 2 | Q42: 2 | R42: 0 | S42: 0 | T42: 0 | U42: 0 | V42: 0 | W42: 0
C43: Thiết kê front-end cho quản lý phân quyền | E43: Toàn | G43: 3 | H43: 2 | I43: 2 | J43: 2 | K43: 2 | L43: 2 | M43: 2 | N43: 2 | O43: 2 | P43: 2 | Q43: 2 | R43: 2 | S43: 0 | T43: 0 | U43: 0 | V43: 0 | W43: 0
S44: 1
C45: Code back-end cho quản lý phân quyền | E45: Giỏi | G45: 3 | H45: 2 | I45: 2 | J45: 2 | K45: 2 | L45: 2 | M45: 2 | N45: 2 | O45: 2 | P45: 2 | Q45: 2 | R45: 2 | S45: 0 | T45: 0 | U45: 0 | V45: 0 | W45: 0
S46: 1
C47: Thiết kê front-end cho đăng nhập | E47: Tuấn | G47: 1 | H47: 2 | I47: 2 | J47: 2 | K47: 2 | L47: 2 | M47: 2 | N47: 2 | O47: 2 | P47: 2 | Q47: 2 | R47: 2 | S47: 1 | T47: 0 | U47: 0 | V47: 0 | W47: 0
T48: 1
C49: Code back-end cho đăng nhập | E49: Giỏi | G49: 3 | H49: 2 | I49: 2 | J49: 2 | K49: 2 | L49: 2 | M49: 2 | N49: 2 | O49: 2 | P49: 2 | Q49: 2 | R49: 2 | S49: 2 | T49: 0 | U49: 0 | V49: 0 | W49: 0
T50: 1
C51: Thiết kê front-end cho đổi mật khẩu | E51: Toàn | G51: 2 | H51: 2 | I51: 2 | J51: 2 | K51: 2 | L51: 2 | M51: 2 | N51: 2 | O51: 2 | P51: 2 | Q51: 2 | R51: 2 | S51: 2 | T51: 2 | U51: 0 | V51: 0 | W51: 0
C52: Code back-end cho đổi mật khẩu | E52: Giỏi | G52: 2 | H52: 2 | I52: 2 | J52: 2 | K52: 2 | L52: 2 | M52: 2 | N52: 2 | O52: 2 | P52: 2 | Q52: 2 | R52: 2 | S52: 2 | T52: 2 | U52: 0 | V52: 0 | W52: 0
C53: Thiết kê front-end cho Đăng ký Tài Khoản | E53: Sơn | G53: 4 | H53: 4 | I53: 4 | J53: 4 | K53: 4 | L53: 4 | M53: 4 | N53: 4 | O53: 4 | P53: 4 | Q53: 4 | R53: 4 | S53: 4 | T53: 4 | U53: 2 | V53: 0 | W53: 0
C54: Code back-end cho Đăng ký Tài Khoản | E54: Giỏi | G54: 4 | H54: 4 | I54: 4 | J54: 4 | K54: 4 | L54: 4 | M54: 4 | N54: 4 | O54: 4 | P54: 4 | Q54: 4 | R54: 4 | S54: 4 | T54: 4 | U54: 2 | V54: 0 | W54: 0
C55: Thiết kê front-end Tìm Kiếm Khách Sạn | E55: Long | G55: 4 | H55: 4 | I55: 4 | J55: 4 | K55: 4 | L55: 4 | M55: 4 | N55: 4 | O55: 4 | P55: 4 | Q55: 4 | R55: 4 | S55: 4 | T55: 4 | U55: 4 | V55: 2 | W55: 0
C56: Code back-end cho Tìm Kiếm Khách Sạn | E56: Giỏi | G56: 4 | H56: 4 | I56: 4 | J56: 4 | K56: 4 | L56: 4 | M56: 4 | N56: 4 | O56: 4 | P56: 4 | Q56: 4 | R56: 4 | S56: 4 | T56: 4 | U56: 4 | V56: 2 | W56: 0
C57: Thiết kê front-end Chi Tiết Khách Sạn | E57: Long | G57: 4 | H57: 4 | I57: 4 | J57: 4 | K57: 4 | L57: 4 | M57: 4 | N57: 4 | O57: 4 | P57: 4 | Q57: 4 | R57: 4 | S57: 4 | T57: 4 | U57: 4 | V57: 4 | W57: 2
C58: Code back-end Chi Tiết Khách Sạn | E58: Giỏi | G58: 4 | H58: 4 | I58: 4 | J58: 4 | K58: 4 | L58: 4 | M58: 4 | N58: 4 | O58: 4 | P58: 4 | Q58: 4 | R58: 4 | S58: 4 | T58: 4 | U58: 4 | V58: 4 | W58: 2
C59: Thiết kê front-end cho đăng xuất | E59: Tuấn | G59: 2 | H59: 2 | I59: 2 | J59: 2 | K59: 2 | L59: 2 | M59: 2 | N59: 2 | O59: 2 | P59: 2 | Q59: 2 | R59: 2 | S59: 2 | T59: 2 | U59: 2 | V59: 2 | W59: 2
C60: Code back-end cho đăng xuất | E60: Giỏi | G60: 2 | H60: 2 | I60: 2 | J60: 2 | K60: 2 | L60: 2 | M60: 2 | N60: 2 | O60: 2 | P60: 2 | Q60: 2 | R60: 2 | S60: 2 | T60: 2 | U60: 2 | V60: 2 | W60: 2
C61: Integrate code | E61: All team | G61: 8 | H61: 10 | I61: 10 | J61: 10 | K61: 10 | L61: 10 | M61: 10 | N61: 10 | O61: 10 | P61: 10 | Q61: 10 | R61: 10 | S61: 10 | T61: 10 | U61: 10 | V61: 10 | W61: 10
M62: 2 | W62: 1
B63: Testing | C63: Kiểm tra đăng nhập | E63: Giỏi,Tuấn | G63: 1 | H63: 1 | I63: 1 | J63: 1 | K63: 1 | L63: 1 | M63: 1 | N63: 1 | O63: 1 | P63: 1 | Q63: 1 | R63: 1 | S63: 1 | T63: 1 | U63: 1 | V63: 1 | W63: 1
C64: Kiểm tra đăng xuất | E64: Giỏi,Tuấn | G64: 1 | H64: 1 | I64: 1 | J64: 1 | K64: 1 | L64: 1 | M64: 1 | N64: 1 | O64: 1 | P64: 1 | Q64: 1 | R64: 1 | S64: 1 | T64: 1 | U64: 1 | V64: 1 | W64: 1
C65: Kiểm tra quản lý người dùng | E65: Giỏi,Toàn | G65: 1 | H65: 1 | I65: 1 | J65: 1 | K65: 1 | L65: 1 | M65: 1 | N65: 1 | O65: 1 | P65: 1 | Q65: 1 | R65: 1 | S65: 1 | T65: 1 | U65: 1 | V65: 1 | W65: 1
C66: Kiểm tra đổi mật khẩu | E66: Giỏi,Toàn | G66: 1 | H66: 1 | I66: 1 | J66: 1 | K66: 1 | L66: 1 | M66: 1 | N66: 1 | O66: 1 | P66: 1 | Q66: 1 | R66: 1 | S66: 1 | T66: 1 | U66: 1 | V66: 1 | W66: 1
C67: Kiểm tra quản lý phân quyền | E67: Giỏi,Toàn | G67: 1 | H67: 1 | I67: 1 | J67: 1 | K67: 1 | L67: 1 | M67: 1 | N67: 1 | O67: 1 | P67: 1 | Q67: 1 | R67: 1 | S67: 1 | T67: 1 | U67: 1 | V67: 1 | W67: 1
C68: Kiểm tra Đăng ký Tài Khoản | E68: Giỏi,Sơn | G68: 1 | H68: 1 | I68: 1 | J68: 1 | K68: 1 | L68: 1 | M68: 1 | N68: 1 | O68: 1 | P68: 1 | Q68: 1 | R68: 1 | S68: 1 | T68: 1 | U68: 1 | V68: 1 | W68: 1
C69: Kiểm tra Tìm Kiếm Khách Sạn | E69: Giỏi,Long | G69: 1 | H69: 1 | I69: 1 | J69: 1 | K69: 1 | L69: 1 | M69: 1 | N69: 1 | O69: 1 | P69: 1 | Q69: 1 | R69: 1 | S69: 1 | T69: 1 | U69: 1 | V69: 1 | W69: 1
C70: Kiểm tra Xem Chi Tiết Khách Sạn | E70: Giỏi,Long | G70: 1 | H70: 1 | I70: 1 | J70: 1 | K70: 1 | L70: 1 | M70: 1 | N70: 1 | O70: 1 | P70: 1 | Q70: 1 | R70: 1 | S70: 1 | T70: 1 | U70: 1 | V70: 1 | W70: 1
B71: Fix Bug | C71: Sửa lỗi đăng nhập | E71: Giỏi,Tuấn | G71: 1 | H71: 1 | I71: 1 | J71: 1 | K71: 1 | L71: 1 | M71: 1 | N71: 1 | O71: 1 | P71: 1 | Q71: 1 | R71: 1 | S71: 1 | T71: 1 | U71: 1 | V71: 1 | W71: 1
C72: Sửa lỗi đăng xuất | E72: Giỏi ,Toàn | G72: 1 | H72: 1 | I72: 1 | J72: 1 | K72: 1 | L72: 1 | M72: 1 | N72: 1 | O72: 1 | P72: 1 | Q72: 1 | R72: 1 | S72: 1 | T72: 1 | U72: 1 | V72: 1 | W72: 1
C73: Sửa lỗi đổi mật khẩu | E73: Giỏi,Tuấn | G73: 1 | H73: 1 | I73: 1 | J73: 1 | K73: 1 | L73: 1 | M73: 1 | N73: 1 | O73: 1 | P73: 1 | Q73: 1 | R73: 1 | S73: 1 | T73: 1 | U73: 1 | V73: 1 | W73: 1
C74: Sửa lỗi quản lý phân quyền | E74: Giỏi,Toàn | G74: 1 | H74: 1 | I74: 1 | J74: 1 | K74: 1 | L74: 1 | M74: 1 | N74: 1 | O74: 1 | P74: 1 | Q74: 1 | R74: 1 | S74: 1 | T74: 1 | U74: 1 | V74: 1 | W74: 1
C75: Sửa lỗi Đăng ký Tài Khoản | E75: Giỏi,Sơn | G75: 1 | H75: 1 | I75: 1 | J75: 1 | K75: 1 | L75: 1 | M75: 1 | N75: 1 | O75: 1 | P75: 1 | Q75: 1 | R75: 1 | S75: 1 | T75: 1 | U75: 1 | V75: 1 | W75: 1
C76: Sửa lỗi Tìm Kiếm Khách Sạn | E76: Giỏi,Long | G76: 1 | H76: 1 | I76: 1 | J76: 1 | K76: 1 | L76: 1 | M76: 1 | N76: 1 | O76: 1 | P76: 1 | Q76: 1 | R76: 1 | S76: 1 | T76: 1 | U76: 1 | V76: 1 | W76: 1
C77: Sửa lỗi quản lý người dùng | E77: Giỏi,Toàn | G77: 2 | H77: 2 | I77: 2 | J77: 2 | K77: 2 | L77: 2 | M77: 2 | N77: 2 | O77: 2 | P77: 2 | Q77: 2 | R77: 2 | S77: 2 | T77: 2 | U77: 2 | V77: 2 | W77: 0
C78: Sửa lỗi Xem Chi Tiết Khách Sạn | E78: Giỏi,Long | G78: 2 | H78: 2 | I78: 2 | J78: 2 | K78: 2 | L78: 2 | M78: 2 | N78: 2 | O78: 2 | P78: 2 | Q78: 2 | R78: 2 | S78: 2 | T78: 2 | U78: 2 | V78: 2 | W78: 2
B79: Re-testing | C79: Kiểm tra lại đăng nhập | E79: Tuấn | G79: 1 | H79: 1 | I79: 1 | J79: 1 | K79: 1 | L79: 1 | M79: 1 | N79: 1 | O79: 1 | P79: 1 | Q79: 1 | R79: 1 | S79: 1 | T79: 1 | U79: 1 | V79: 1 | W79: 1
C80: Kiểm tra lại đăng xuất | E80: Toàn | G80: 1 | H80: 1 | I80: 1 | J80: 1 | K80: 1 | L80: 1 | M80: 1 | N80: 1 | O80: 1 | P80: 1 | Q80: 1 | R80: 1 | S80: 1 | T80: 1 | U80: 1 | V80: 1 | W80: 1
C81: Kiểm tra lại đổi mật khẩu | E81: Tuấn | G81: 2 | H81: 2 | I81: 2 | J81: 2 | K81: 2 | L81: 2 | M81: 2 | N81: 2 | O81: 2 | P81: 2 | Q81: 2 | R81: 2 | S81: 2 | T81: 2 | U81: 2 | V81: 2 | W81: 2
C82: Kiểm tra lại quản lý người dùng | E82: Toàn | G82: 2 | H82: 2 | I82: 2 | J82: 2 | K82: 2 | L82: 2 | M82: 2 | N82: 2 | O82: 2 | P82: 2 | Q82: 2 | R82: 2 | S82: 2 | T82: 2 | U82: 2 | V82: 2 | W82: 2
C83: Kiểm tra lại quản lý phân quyền | E83: Toàn | G83: 2 | H83: 2 | I83: 2 | J83: 2 | K83: 2 | L83: 2 | M83: 2 | N83: 2 | O83: 2 | P83: 2 | Q83: 2 | R83: 2 | S83: 2 | T83: 2 | U83: 2 | V83: 2 | W83: 2
C84: Kiểm tra lại Đăng ký Tài Khoản | E84: Sơn | G84: 2 | H84: 2 | I84: 2 | J84: 2 | K84: 2 | L84: 2 | M84: 2 | N84: 2 | O84: 2 | P84: 2 | Q84: 2 | R84: 2 | S84: 2 | T84: 2 | U84: 2 | V84: 2 | W84: 2
C85: Kiểm tra lại Tìm Kiếm Khách Sạn | E85: Long | G85: 2 | H85: 2 | I85: 2 | J85: 2 | K85: 2 | L85: 2 | M85: 2 | N85: 2 | O85: 2 | P85: 2 | Q85: 2 | R85: 2 | S85: 2 | T85: 2 | U85: 2 | V85: 2 | W85: 2
C86: Kiểm tra lại Xem Chi Tiết Khách Sạn | E86: Long | G86: 2 | H86: 2 | I86: 2 | J86: 2 | K86: 2 | L86: 2 | M86: 2 | N86: 2 | O86: 2 | P86: 2 | Q86: 2 | R86: 2 | S86: 2 | T86: 2 | U86: 2 | V86: 2 | W86: 2
B87: Release Sprint 1 | C87: Sprint 1 review meeting | E87: All team | G87: 5 | H87: 5 | I87: 5 | J87: 5 | K87: 5 | L87: 5 | M87: 5 | N87: 5 | O87: 5 | P87: 5 | Q87: 5 | R87: 5 | S87: 5 | T87: 5 | U87: 5 | V87: 5 | W87: 5
C88: Sprint 1 retrospective | E88: All team | G88: 5 | H88: 5 | I88: 5 | J88: 5 | K88: 5 | L88: 5 | M88: 5 | N88: 5 | O88: 5 | P88: 5 | Q88: 5 | R88: 5 | S88: 5 | T88: 5 | U88: 5 | V88: 5 | W88: 5
B89: Tổng | E89: Thực tế | G89: =SUM(G16:G88) -> 152 | I89: =SUM(I16:I88) -> 142 | J89: =SUM(J16:J88) -> 140 | K89: =SUM(K16:K88) -> 134 | L89: =SUM(L16:L88) -> 131 | M89: =SUM(M16:M88) -> 130 | N89: =SUM(N16:N88) -> 126 | O89: =SUM(O16:O88) -> 122 | P89: =SUM(P16:P88) -> 110 | Q89: =SUM(Q16:Q88)+Q40 -> 105 | R89: =SUM(R16:R88) -> 90 | S89: =SUM(S16:S88) -> 89 | T89: =SUM(T16:T88)-T48 -> 85 | U89: =SUM(U16:U88) -> 76 | V89: =SUM(V16:V88) -> 68 | W89: =SUM(W16:W88) -> 59
E90: Ước tính | G90: =SUM(H16:H88) -> 152 | I90: =SUM(I16:I88) -> 142 | J90: =SUM(J16:J88)-J29 -> 138 | K90: =SUM(K16:K88) -> 134 | L90: =SUM(L16:L88)-L22 -> 130 | M90: =SUM(N16:N88)-N29 -> 126 | N90: =SUM(O16:O88) -> 122 | O90: =SUM(P16:P88)+Q40-P38 -> 110 | P90: =SUM(Q16:Q88) -> 105 | Q90: =SUM(R16:R88) -> 90 | R90: =SUM(S16:S88)+T48-S46-S44 -> 88 | S90: =SUM(T16:T88)-T50-T48 -> 84 | T90: =SUM(U16:U88) -> 76 | U90: =SUM(V16:V88) -> 68 | V90: =SUM(V17:V88) -> 68 | W90: =SUM(W17:W88)-W68 -> 58

Sheet sprint2
A1: Project name: | C1: Ứng dụng đặt phòng thông minh với AI Search Assistant và gợi ý theo hành vi người dùng | F1: Kết thúc
A2: Module name: | C2: Sprint 2 | F2: Tăng ca
A3: Start date: | C3: 45989 | F3: Muộn
A4: End date: | C4: 46009 | F4: Chậm tiến độ
F5: Trước thời hạn
B6: SPRINT 2 REPORT
B7: No | C7: Thành viên | D7: Thực tế | E7: Ước tính
B8: 1 | C8: Ngô Văn Giỏi | D8: =SUMIF($E$16:$F$97,"Thành",$G$16:$G$97)+SUMIF($E$16:$F$97,"All team",$G$16:$G$97)/5+SUMIF($E$16:$F$97,"Thành,Phương",$G$16:$G$97)/2 -> 8.6 | E8: =SUMIF($E$16:$F$97,"Thành",$H$16:$H$97)+SUMIF($E$16:$F$97,"All team",$H$16:$H$97)/5+SUMIF($E$16:$F$97,"Mạnh,Hoàng",$H$16:$H$97)/2 -> 9.4
B9: 2 | C9: Nguyễn Phước Thanh Tuấn | D9: =SUMIF($E$16:$F$97,"Mạnh",$G$16:$G$97)+SUMIF($E$16:$F$97,"All team",$G$16:$G$97)/5+SUMIF($E$16:$F$97,"Mạnh,Hoàng",$G$16:$G$97)/2+SUMIF($E$16:$F$97,"Mạnh,Lộc,Phương,Hoàng",$G$16:$G$97)/4 -> 8.6 | E9: =SUMIF($E$16:$F$97,"Mạnh",$H$16:$H$97)+SUMIF($E$16:$F$97,"All team",$H$16:$H$97)/5+SUMIF($E$16:$F$97,"Mạnh,Hoàng",$H$16:$H$97)/2+SUMIF($E$16:$F$97,"Mạnh,Lộc,Phương,Hoàng",$H$16:$H$97)/4 -> 9.4
B10: 3 | C10: Nguyễn Ngọc Sơn | D10: =SUMIF($E$16:$F$97,"Phương",$G$16:$G$97)+SUMIF($E$16:$F$97,"All team",$G$16:$G$97)/5+SUMIF($E$16:$F$97,"Thành,Phương",$G$16:$G$97)/2+SUMIF($E$16:$F$97,"Mạnh,Lộc,Phương,Hoàng",$G$16:$G$97)/4 -> 8.6 | E10: =SUMIF($E$16:$F$97,"Phương",$H$16:$H$97)+SUMIF($E$16:$F$97,"All team",$H$16:$H$97)/5+SUMIF($E$16:$F$97,"Thành,Phương",$H$16:$H$97)/2+SUMIF($E$16:$F$97,"Mạnh,Lộc,Phương,Hoàng",$H$16:$H$97)/4 -> 9.4
B11: 4 | C11: Nguyễn Minh Toàn | D11: =SUMIF($E$16:$F$97,"Lộc",$G$16:$G$97)+SUMIF($E$16:$F$97,"All team",$G$16:$G$97)/5+SUMIF($E$16:$F$97,"Mạnh,Lộc,Phương,Hoàng",$G$16:$G$97)/4 -> 8.6 | E11: =SUMIF($E$16:$F$97,"Lộc",$H$16:$H$97)+SUMIF($E$16:$F$97,"All team",$H$16:$H$97)/5+SUMIF($E$16:$F$97,"Mạnh,Lộc,Phương,Hoàng",$H$16:$H$97)/4 -> 9.4
B12: 5 | C12: Nguyễn Thanh Long | D12: =SUMIF($E$16:$F$97,"Hoàng",$G$16:$G$97)+SUMIF($E$16:$F$97,"All team",$G$16:$G$97)/5+SUMIF($E$16:$F$97,"Mạnh,Hoàng",$G$16:$G$97)/2+SUMIF($E$16:$F$97,"Mạnh,Lộc,Phương,Hoàng",$G$16:$G$97)/4 -> 8.6 | E12: =SUMIF($E$16:$F$97,"Hoàng",$H$16:$H$97)+SUMIF($E$16:$F$97,"All team",$H$16:$H$97)/5+SUMIF($E$16:$F$97,"Mạnh,Hoàng",$H$16:$H$97)/2+SUMIF($E$16:$F$97,"Mạnh,Lộc,Phương,Hoàng",$H$16:$H$97)/4 -> 9.4
B13: Tổng | D13: =SUM(D8:D12) -> 43 | E13: =SUM(E8:E12) -> 47
A15: Sprint | B15: Compoment | C15: Task name | E15: Responsible Member | G15: Thực tế | H15: Ước tính | I15: 45985 | J15: 45986 | K15: 45987 | L15: 45988 | M15: 45989 | N15: 45990 | O15: 45991 | P15: 45992 | Q15: 45993 | R15: 45994 | S15: 45995 | T15: 45996 | U15: 45997 | V15: 45998 | W15: 45999 | X15: 46000 | Y15: 46001 | Z15: 46002 | AA15: 46003 | AB15: 46004 | AC15: 46005 | AD15: 46006 | AE15: 46007 | AF15: 46008 | AG15: 46009
A16: Sprint 2 | B16: Họp kế hoạch Sprint | E16: All team | G16: 10 | H16: 10 | I16: 10 | J16: 0 | K16: 0 | L16: 0 | M16: 0 | N16: 0 | O16: 0 | P16: 0 | Q16: 0 | R16: 0 | S16: 0 | T16: 0 | U16: 0 | V16: 0 | W16: 0 | X16: 0 | Y16: 0 | Z16: 0 | AA16: 0 | AB16: 0 | AC16: 0 | AD16: 0 | AE16: 0 | AF16: 0 | AG16: 0
B17: Tạo Sprint Backlog 2 | E17: Tuấn | G17: 2 | H17: 4 | I17: 4 | J17: 2 | K17: 0 | L17: 0 | M17: 0 | N17: 0 | O17: 0 | P17: 0 | Q17: 0 | R17: 0 | S17: 0 | T17: 0 | U17: 0 | V17: 0 | W17: 0 | X17: 0 | Y17: 0 | Z17: 0 | AA17: 0 | AB17: 0 | AC17: 0 | AD17: 0 | AE17: 0 | AF17: 0 | AG17: 0
K18: 2
B19: Tạo tài liệu kiểm thử cho Sprint | E19: All team | G19: 4 | H19: 4 | I19: 4 | J19: 4 | K19: 4 | L19: 0 | M19: 0 | N19: 0 | O19: 0 | P19: 0 | Q19: 0 | R19: 0 | S19: 0 | T19: 0 | U19: 0 | V19: 0 | W19: 0 | X19: 0 | Y19: 0 | Z19: 0 | AA19: 0 | AB19: 0 | AD19: 2 | AE19: 0 | AF19: 0 | AG19: 0
B20: User interface design | C20: Giao diện chức năng “ Hotel Management" | E20: Tuấn | G20: 1 | H20: 1 | I20: 1 | J20: 1 | K20: 1 | L20: 1 | M20: 0 | N20: 0 | O20: 0 | P20: 0 | Q20: 0 | R20: 0 | S20: 0 | T20: 0 | U20: 0 | V20: 0 | W20: 0 | X20: 0 | Y20: 0 | Z20: 0 | AA20: 0 | AB20: 0 | AC20: 0 | AD20: 0 | AE20: 0 | AF20: 0 | AG20: 0
C21: Giao diện chức năng “ Room Management ” | E21: Long | G21: 1 | H21: 1 | I21: 1 | J21: 1 | K21: 1 | L21: 1 | M21: 0 | N21: 0 | O21: 0 | P21: 0 | Q21: 0 | R21: 0 | S21: 0 | T21: 0 | U21: 0 | V21: 0 | W21: 0 | X21: 0 | Y21: 0 | Z21: 0 | AA21: 0 | AB21: 0 | AC21: 0 | AD21: 0 | AE21: 0 | AF21: 0 | AG21: 0
C22: Giao diện Chức năng “Booking” | E22: Tuấn | G22: 1 | H22: 1 | I22: 1 | J22: 1 | K22: 1 | L22: 1 | M22: 0 | N22: 0 | O22: 0 | P22: 0 | Q22: 0 | R22: 0 | S22: 0 | T22: 0 | U22: 0 | V22: 0 | W22: 0 | X22: 0 | Y22: 0 | Z22: 0 | AA22: 0 | AB22: 0 | AC22: 0 | AD22: 0 | AE22: 0 | AF22: 0 | AG22: 0
C23: Giao diện chức năng “ Payment (VNPay) ” | E23: Giỏi | G23: 2 | H23: 2 | I23: 2 | J23: 2 | K23: 2 | L23: 2 | M23: 0 | N23: 0 | O23: 0 | P23: 0 | Q23: 0 | R23: 0 | S23: 0 | T23: 0 | U23: 0 | V23: 0 | W23: 0 | X23: 0 | Y23: 0 | Z23: 0 | AA23: 0 | AB23: 0 | AC23: 0 | AD23: 0 | AE23: 0 | AF23: 0 | AG23: 0
C24: Giao diện chức năng “ Wallet Management” | E24: Giỏi | G24: 1 | H24: 1 | I24: 1 | J24: 1 | K24: 1 | L24: 1 | M24: 1 | N24: 0 | O24: 0 | P24: 0 | Q24: 0 | R24: 0 | S24: 0 | T24: 0 | U24: 0 | V24: 0 | W24: 0 | X24: 0 | Y24: 0 | Z24: 0 | AA24: 0 | AB24: 0 | AC24: 0 | AD24: 0 | AE24: 0 | AF24: 0 | AG24: 0
C25: Giao diện chức năng “ Revenue Management” | E25: Long | G25: 1 | H25: 1 | I25: 1 | J25: 1 | K25: 1 | L25: 1 | M25: 1 | N25: 0 | O25: 0 | P25: 0 | Q25: 0 | R25: 0 | S25: 0 | T25: 0 | U25: 0 | V25: 0 | W25: 0 | X25: 0 | Y25: 0 | Z25: 0 | AA25: 0 | AB25: 0 | AC25: 0 | AD25: 0 | AE25: 0 | AF25: 0 | AG25: 0
C26: Giao diện chức năng “ Admin Dashboard ” | E26: Sơn | G26: 1 | H26: 1 | I26: 1 | J26: 1 | K26: 1 | L26: 1 | M26: 1 | N26: 0
C27: Giao diện chức năng “ Info Pages ” | E27: Long | G27: 2 | H27: 2 | I27: 2 | J27: 2 | K27: 2 | L27: 2 | M27: 2 | N27: 0
C28: Review all user interfaces of sprint 2 | E28: All team | G28: 2 | H28: 2 | I28: 2 | J28: 2 | K28: 2 | L28: 2 | M28: 2 | N28: 0
G29: 5 | H29: 10 | I29: 10 | J29: 10 | K29: 10 | L29: 10 | M29: 10 | N29: 5 | O29: 0 | P29: 0 | Q29: 0 | R29: 0 | S29: 0 | T29: 0 | U29: 0 | V29: 0 | W29: 0 | X29: 0 | Y29: 0 | Z29: 0 | AA29: 0 | AB29: 0 | AC29: 0 | AD29: 0 | AE29: 0 | AF29: 0 | AG29: 0
M30: 1 | O30: 5
B31: Design test case | C31: Thiết kế trường kiểm thử cho “ Hotel Management" | E31: Toàn | G31: 1 | H31: 1 | I31: 1 | J31: 1 | K31: 1 | L31: 1 | M31: 1 | N31: 1 | O31: 1 | P31: 0 | Q31: 0 | R31: 0 | S31: 0 | T31: 0 | U31: 0 | V31: 0 | W31: 0 | X31: 0 | Y31: 0 | Z31: 0 | AA31: 0 | AB31: 0 | AC31: 0 | AD31: 0 | AE31: 0 | AF31: 0 | AG31: 0
C32: Thiết kế trường kiểm thử cho “ Room Management ” | E32: Sơn | G32: 3 | H32: 1 | I32: 1 | J32: 1 | K32: 1 | L32: 1 | M32: 1 | N32: 1 | O32: 1 | P32: 0 | Q32: 0 | R32: 0 | S32: 0 | T32: 0 | U32: 0 | V32: 0 | W32: 0 | X32: 0 | Y32: 0 | Z32: 0 | AA32: 0 | AB32: 0 | AC32: 0 | AD32: 0 | AE32: 0 | AF32: 0 | AG32: 0
P33: 2
C34: Thiết kế trường kiểm thử cho “Booking” | E34: Long | G34: 1 | H34: 1 | I34: 1 | J34: 1 | K34: 1 | L34: 1 | M34: 1 | N34: 1 | O34: 1 | P34: 0 | Q34: 0 | R34: 0 | S34: 0 | T34: 0 | U34: 0 | V34: 0 | W34: 0 | X34: 0 | Y34: 0 | Z34: 0 | AA34: 0 | AB34: 0 | AC34: 0 | AD34: 0 | AE34: 0 | AF34: 0 | AG34: 0
C35: Thiết kế trường kiểm thử cho “ Payment (VNPay) ” | E35: Sơn | G35: 1 | H35: 1 | I35: 1 | J35: 1 | K35: 1 | L35: 1 | M35: 1 | N35: 1 | O35: 1 | P35: 0 | Q35: 0 | R35: 0 | S35: 0 | T35: 0 | U35: 0 | V35: 0 | W35: 0 | X35: 0 | Y35: 0 | Z35: 0 | AA35: 0 | AB35: 0 | AC35: 0 | AD35: 0 | AE35: 0 | AF35: 0 | AG35: 0
C36: Thiết kế trường kiểm thử cho “ Wallet Management” | E36: Giỏi | G36: 1 | H36: 1 | I36: 1 | J36: 1 | K36: 1 | L36: 1 | M36: 1 | N36: 1 | O36: 1 | P36: 1 | Q36: 0 | R36: 0 | S36: 0 | T36: 0 | U36: 0 | V36: 0 | W36: 0 | X36: 0 | Y36: 0 | Z36: 0 | AA36: 0 | AB36: 0 | AC36: 0 | AD36: 0 | AE36: 0 | AF36: 0 | AG36: 0
C37: Thiết kế trường kiểm thử cho “ Revenue Management” | E37: Tuấn | G37: 1 | H37: 1 | I37: 1 | J37: 1 | K37: 1 | L37: 1 | M37: 1 | N37: 1 | O37: 1 | P37: 1 | Q37: 0 | R37: 0 | S37: 0 | T37: 0 | U37: 0 | V37: 0 | W37: 0 | X37: 0 | Y37: 0 | Z37: 0 | AA37: 0 | AB37: 0 | AC37: 0 | AD37: 0 | AE37: 0 | AF37: 0 | AG37: 0
C38: Thiết kế trường kiểm thử cho “ Admin Dashboard ” | E38: Toàn | G38: 1 | H38: 1 | I38: 1 | J38: 1 | K38: 1 | L38: 1 | M38: 1 | N38: 1 | O38: 1 | P38: 1 | Q38: 0 | R38: 0 | S38: 0 | T38: 0 | U38: 0 | V38: 0 | W38: 0 | X38: 0 | Y38: 0 | Z38: 0 | AA38: 0 | AB38: 0 | AC38: 0 | AD38: 0 | AE38: 0 | AF38: 0 | AG38: 0
C39: Thiết kế trường kiểm thử cho “ Info Pages ” | E39: Long | G39: 1 | H39: 1 | I39: 1 | J39: 1 | K39: 1 | L39: 1 | M39: 1 | N39: 1 | O39: 1 | P39: 1 | Q39: 0 | R39: 0 | S39: 0 | T39: 0 | U39: 0 | V39: 0 | W39: 0 | X39: 0 | Y39: 0 | Z39: 0 | AA39: 0 | AB39: 0 | AC39: 0 | AD39: 0 | AE39: 0 | AF39: 0 | AG39: 0
G40: 1 | H40: 1 | I40: 1 | J40: 1 | K40: 1 | L40: 1 | M40: 1 | N40: 1 | O40: 1 | P40: 1 | Q40: 0 | R40: 0 | S40: 0 | T40: 0 | U40: 0 | V40: 0 | W40: 0 | X40: 0 | Y40: 0 | Z40: 0 | AA40: 0 | AB40: 0 | AC40: 0 | AD40: 0 | AE40: 0 | AF40: 0 | AG40: 0
C41: Review all test case of sprint 2 | E41: All team | G41: 7 | H41: 10 | I41: 10 | J41: 10 | K41: 10 | L41: 10 | M41: 10 | N41: 10 | O41: 10 | P41: 10 | Q41: 7 | R41: 0 | S41: 0 | T41: 0 | U41: 0 | V41: 0 | W41: 0 | X41: 0 | Y41: 0 | Z41: 0 | AA41: 0 | AB41: 0 | AC41: 0 | AD41: 0 | AE41: 0 | AF41: 0 | AG41: 0
R42: 3
B43: Coding | C43: Thiết kê front-end Hotel Management | E43: long | G43: 1 | H43: 2 | I43: 2 | J43: 2 | K43: 2 | L43: 2 | M43: 2 | N43: 2 | O43: 2 | P43: 2 | Q43: 2 | R43: 1 | S43: 0 | T43: 0 | U43: 0 | V43: 0 | W43: 0 | X43: 0 | Y43: 0 | Z43: 0 | AA43: 0 | AB43: 0 | AC43: 0 | AD43: 0 | AE43: 0 | AF43: 0 | AG43: 0
S44: 1
C45: Code back-end cho Hotel Management | E45: Giỏi | G45: 2 | H45: 2 | I45: 2 | J45: 2 | K45: 2 | L45: 2 | M45: 2 | N45: 2 | O45: 2 | P45: 2 | Q45: 2 | R45: 2 | S45: 0 | T45: 0 | U45: 0 | V45: 0 | W45: 0 | X45: 0 | Y45: 0 | Z45: 0 | AA45: 0 | AB45: 0 | AC45: 0 | AD45: 0 | AE45: 0 | AF45: 0 | AG45: 0
C46: Thiết kê front-end Room Management | E46: Long | G46: 2 | H46: 2 | I46: 2 | J46: 2 | K46: 2 | L46: 2 | M46: 2 | N46: 2 | O46: 2 | P46: 2 | Q46: 2 | R46: 2 | S46: 0 | T46: 0 | U46: 0 | V46: 0 | W46: 0 | X46: 0 | Y46: 0 | Z46: 0 | AA46: 0 | AB46: 0 | AC46: 0 | AD46: 0 | AE46: 0 | AF46: 0 | AG46: 0
C47: Code back-end cho Room Management | E47: Giỏi | G47: 6 | H47: 4 | I47: 4 | J47: 4 | K47: 4 | L47: 4 | M47: 4 | N47: 4 | O47: 4 | P47: 4 | Q47: 4 | R47: 4 | S47: 2 | T47: 0 | U47: 0 | V47: 0 | W47: 0 | X47: 0 | Y47: 0 | Z47: 0 | AA47: 0 | AB47: 0 | AC47: 0 | AD47: 0 | AE47: 0 | AF47: 0 | AG47: 0
T48: 2
C49: Thiết kê front-end cho Booking | E49: Tuấn | G49: 2 | H49: 2 | I49: 2 | J49: 2 | K49: 2 | L49: 2 | M49: 2 | N49: 2 | O49: 2 | P49: 2 | Q49: 2 | R49: 2 | S49: 2 | T49: 0 | U49: 0 | V49: 0 | W49: 0 | X49: 0 | Y49: 0 | Z49: 0 | AA49: 0 | AB49: 0 | AC49: 0 | AD49: 0 | AE49: 0 | AF49: 0 | AG49: 0
C50: Code back-end cho Booking | E50: Giỏi | G50: 2 | H50: 2 | I50: 2 | J50: 2 | K50: 2 | L50: 2 | M50: 2 | N50: 2 | O50: 2 | P50: 2 | Q50: 2 | R50: 2 | S50: 2 | T50: 0 | U50: 0 | V50: 0 | W50: 0 | X50: 0 | Y50: 0 | Z50: 0 | AA50: 0 | AB50: 0 | AC50: 0 | AD50: 0 | AE50: 0 | AF50: 0 | AG50: 0
C51: Thiết kê front-end cho Payment(VNPay) | E51: Giỏi | G51: 2 | H51: 2 | I51: 2 | J51: 2 | K51: 2 | L51: 2 | M51: 2 | N51: 2 | O51: 2 | P51: 2 | Q51: 2 | R51: 2 | S51: 2 | T51: 2 | U51: 0 | V51: 0 | W51: 0 | X51: 0 | Y51: 0 | Z51: 0 | AA51: 0 | AB51: 0 | AC51: 0 | AD51: 0 | AE51: 0 | AF51: 0 | AG51: 0
C52: Code back-end cho Payment(VNPay) | E52: Giỏi | G52: 2 | H52: 2 | I52: 2 | J52: 2 | K52: 2 | L52: 2 | M52: 2 | N52: 2 | O52: 2 | P52: 2 | Q52: 2 | R52: 2 | S52: 2 | T52: 2 | U52: 0 | V52: 0 | W52: 0 | X52: 0 | Y52: 0 | Z52: 0 | AA52: 0 | AB52: 0 | AC52: 0 | AD52: 0 | AE52: 0 | AF52: 0 | AG52: 0
C53: Thiết kê front-end Wallet Management | E53: Giỏi | G53: 3 | H53: 2 | I53: 2 | J53: 2 | K53: 2 | L53: 2 | M53: 2 | N53: 2 | O53: 2 | P53: 2 | Q53: 2 | R53: 2 | S53: 2 | T53: 2 | U53: 2 | V53: 0 | W53: 0 | X53: 0 | Y53: 0 | Z53: 0 | AA53: 0 | AB53: 0 | AC53: 0 | AD53: 0 | AE53: 0 | AF53: 0 | AG53: 0
V54: 1 | W54: 1
C55: Code back-end cho Wallet Management | E55: Giỏi | G55: 4 | H55: 4 | I55: 4 | J55: 4 | K55: 4 | L55: 4 | M55: 4 | N55: 4 | O55: 4 | P55: 4 | Q55: 4 | R55: 4 | S55: 4 | T55: 4 | U55: 4 | V55: 2 | W55: 0 | X55: 0 | Y55: 0 | Z55: 0 | AA55: 0 | AB55: 0 | AC55: 0 | AD55: 0 | AE55: 0 | AF55: 0 | AG55: 0
C56: Thiết kê front-end Revenue Management | E56: long | G56: 2 | H56: 2 | I56: 2 | J56: 2 | K56: 2 | L56: 2 | M56: 2 | N56: 2 | O56: 2 | P56: 2 | Q56: 2 | R56: 2 | S56: 2 | T56: 2 | U56: 2 | V56: 2 | W56: 0 | X56: 0 | Y56: 0 | Z56: 0 | AA56: 0 | AB56: 0 | AC56: 0 | AD56: 0 | AE56: 0 | AF56: 0 | AG56: 0
C57: Code back-end cho Revenue Management | E57: Giỏi | G57: 2 | H57: 2 | I57: 2 | J57: 2 | K57: 2 | L57: 2 | M57: 2 | N57: 2 | O57: 2 | P57: 2 | Q57: 2 | R57: 2 | S57: 2 | T57: 2 | U57: 2 | V57: 2 | W57: 0 | X57: 0 | Y57: 0 | Z57: 0 | AA57: 0 | AB57: 0 | AC57: 0 | AD57: 0 | AE57: 0 | AF57: 0 | AG57: 0
C58: Thiết kê front-end cho Reviews | E58: Sơn | G58: 2 | H58: 2 | I58: 2 | J58: 2 | K58: 2 | L58: 2 | M58: 2 | N58: 2 | O58: 2 | P58: 2 | Q58: 2 | R58: 2 | S58: 2 | T58: 2 | U58: 2 | V58: 2 | W58: 0 | X58: 0 | Y58: 0 | Z58: 0 | AA58: 0 | AB58: 0 | AC58: 0 | AD58: 0 | AE58: 0 | AF58: 0 | AG58: 0
C59: Code back-end cho Reviews | E59: Giỏi | G59: 3 | H59: 3 | I59: 3 | J59: 3 | K59: 3 | L59: 3 | M59: 3 | N59: 3 | O59: 3 | P59: 3 | Q59: 3 | R59: 3 | S59: 3 | T59: 3 | U59: 3 | V59: 3 | W59: 2 | X59: 0 | Y59: 0 | Z59: 0 | AA59: 0 | AB59: 0 | AC59: 0 | AD59: 0 | AE59: 0 | AF59: 0 | AG59: 0
C60: Thiết kê front-end cho Admin Dashboard | E60: Long | G60: 3 | H60: 3 | I60: 3 | J60: 3 | K60: 3 | L60: 3 | M60: 3 | N60: 3 | O60: 3 | P60: 3 | Q60: 3 | R60: 3 | S60: 3 | T60: 3 | U60: 3 | V60: 3 | W60: 2 | X60: 0 | Y60: 0 | Z60: 0 | AA60: 0 | AB60: 0 | AC60: 0 | AD60: 0 | AE60: 0 | AF60: 0 | AG60: 0
C61: Code back-end cho Admin Dashboard | E61: Giỏi | G61: 2 | H61: 2 | I61: 2 | J61: 2 | K61: 2 | L61: 2 | M61: 2 | N61: 2 | O61: 2 | P61: 2 | Q61: 2 | R61: 2 | S61: 2 | T61: 2 | U61: 2 | V61: 2 | W61: 2 | X61: 0 | Y61: 0 | Z61: 0 | AA61: 0 | AB61: 0 | AC61: 0 | AD61: 0 | AE61: 0 | AF61: 0 | AG61: 0
C62: Thiết kê front-end cho Info Pages | E62: Long | G62: 2 | H62: 2 | I62: 2 | J62: 2 | K62: 2 | L62: 2 | M62: 2 | N62: 2 | O62: 2 | P62: 2 | Q62: 2 | R62: 2 | S62: 2 | T62: 2 | U62: 2 | V62: 2 | W62: 2 | X62: 0 | Y62: 0 | Z62: 0 | AA62: 0 | AB62: 0 | AC62: 0 | AD62: 0 | AE62: 0 | AF62: 0 | AG62: 0
C63: Code back-end cho Info Pages | E63: Giỏi | G63: 2 | H63: 2 | I63: 2 | J63: 2 | K63: 2 | L63: 2 | M63: 2 | N63: 2 | O63: 2 | P63: 2 | Q63: 2 | R63: 2 | S63: 2 | T63: 2 | U63: 2 | V63: 2 | W63: 2 | X63: 0 | Y63: 0 | Z63: 0 | AA63: 0 | AB63: 0 | AC63: 0 | AD63: 0 | AE63: 0 | AF63: 0 | AG63: 0
C64: Integrate code | E64: Long, giỏi, sơn , tuấn | G64: 10 | H64: 10 | I64: 10 | J64: 10 | K64: 10 | L64: 10 | M64: 10 | N64: 10 | O64: 10 | P64: 10 | Q64: 10 | R64: 10 | S64: 10 | T64: 10 | U64: 10 | V64: 10 | W64: 10 | X64: 10 | Y64: 0 | Z64: 0 | AA64: 0 | AB64: 0 | AC64: 0 | AD64: 0 | AE64: 0 | AF64: 0 | AG64: 0
B65: Testing | C65: Kiểm tra “ Hotel Management" | E65: Tuấn | G65: 1 | H65: 1 | I65: 1 | J65: 1 | K65: 1 | L65: 1 | M65: 1 | N65: 1 | O65: 1 | P65: 1 | Q65: 1 | R65: 1 | S65: 1 | T65: 1 | U65: 1 | V65: 1 | W65: 1 | X65: 1 | Y65: 1 | Z65: 0 | AA65: 0 | AB65: 0 | AC65: 0 | AD65: 2 | AE65: 0 | AF65: 0 | AG65: 0
C66: Kiểm tra “ Room Management ” | E66: Long | G66: 1 | H66: 1 | I66: 1 | J66: 1 | K66: 1 | L66: 1 | M66: 1 | N66: 1 | O66: 1 | P66: 1 | Q66: 1 | R66: 1 | S66: 1 | T66: 1 | U66: 1 | V66: 1 | W66: 1 | X66: 1 | Y66: 1 | Z66: 0 | AA66: 0 | AB66: 0 | AC66: 0 | AD66: 2 | AE66: 0 | AF66: 0 | AG66: 0
C67: Kiểm tra “Booking” | E67: Tuấn | G67: 1 | H67: 1 | I67: 1 | J67: 1 | K67: 1 | L67: 1 | M67: 1 | N67: 1 | O67: 1 | P67: 1 | Q67: 1 | R67: 1 | S67: 1 | T67: 1 | U67: 1 | V67: 1 | W67: 1 | X67: 1 | Y67: 1 | Z67: 0 | AA67: 0 | AB67: 0 | AC67: 0 | AD67: 0 | AE67: 0 | AF67: 0 | AG67: 0
C68: Kiểm tra “ Payment (VNPay) ” | E68: Giỏi | G68: 1 | H68: 1 | I68: 1 | J68: 1 | K68: 1 | L68: 1 | M68: 1 | N68: 1 | O68: 1 | P68: 1 | Q68: 1 | R68: 1 | S68: 1 | T68: 1 | U68: 1 | V68: 1 | W68: 1 | X68: 1 | Y68: 1 | Z68: 0 | AA68: 0 | AB68: 0 | AC68: 0 | AD68: 0 | AE68: 0 | AF68: 0 | AG68: 0
C69: Kiểm tra “ Wallet Management” | E69: Giỏi | G69: 1 | H69: 1 | I69: 1 | J69: 1 | K69: 1 | L69: 1 | M69: 1 | N69: 1 | O69: 1 | P69: 1 | Q69: 1 | R69: 1 | S69: 1 | T69: 1 | U69: 1 | V69: 1 | W69: 1 | X69: 1 | Y69: 1 | Z69: 0 | AA69: 0 | AB69: 0 | AC69: 0 | AD69: 0 | AE69: 0 | AF69: 0 | AG69: 0
C70: Kiểm tra “ Revenue Management” | E70: Sơn | G70: 1 | H70: 1 | I70: 1 | J70: 1 | K70: 1 | L70: 1 | M70: 1 | N70: 1 | O70: 1 | P70: 1 | Q70: 1 | R70: 1 | S70: 1 | T70: 1 | U70: 1 | V70: 1 | W70: 1 | X70: 1 | Y70: 1 | Z70: 0 | AA70: 0 | AB70: 0 | AC70: 0 | AD70: 0 | AE70: 0 | AF70: 0 | AG70: 0
C71: Kiểm tra “ Admin Dashboard ” | E71: Toàn | G71: 3 | H71: 1 | I71: 1 | J71: 1 | K71: 1 | L71: 1 | M71: 1 | N71: 1 | O71: 1 | P71: 1 | Q71: 1 | R71: 1 | S71: 1 | T71: 1 | U71: 1 | V71: 1 | W71: 1 | X71: 1 | Y71: 1 | Z71: 0 | AA71: 0 | AB71: 0 | AC71: 0 | AD71: 0 | AE71: 0 | AF71: 0 | AG71: 0
Z72: 2
C73: Kiểm tra “ Info Pages ” | E73: Long | G73: 1 | H73: 1 | I73: 1 | J73: 1 | K73: 1 | L73: 1 | M73: 1 | N73: 1 | O73: 1 | P73: 1 | Q73: 1 | R73: 1 | S73: 1 | T73: 1 | U73: 1 | V73: 1 | W73: 1 | X73: 1 | Y73: 1 | Z73: 0 | AA73: 0 | AB73: 0 | AC73: 0 | AD73: 0 | AE73: 0 | AF73: 0 | AG73: 0
G74: 1 | H74: 1 | I74: 1 | J74: 1 | K74: 1 | L74: 1 | M74: 1 | N74: 1 | O74: 1 | P74: 1 | Q74: 1 | R74: 1 | S74: 1 | T74: 1 | U74: 1 | V74: 1 | W74: 1 | X74: 1 | Y74: 1 | Z74: 0 | AA74: 0 | AB74: 0 | AC74: 0 | AD74: 0 | AE74: 0 | AF74: 0 | AG74: 0
B75: Fix Bug | C75: Sửa lỗi “ Hotel Management" | E75: All team | G75: 1 | H75: 1 | I75: 1 | J75: 1 | K75: 1 | L75: 1 | M75: 1 | N75: 1 | O75: 1 | P75: 1 | Q75: 1 | R75: 1 | S75: 1 | T75: 1 | U75: 1 | V75: 1 | W75: 1 | X75: 1 | Y75: 1 | Z75: 1 | AA75: 0 | AB75: 0 | AC75: 0 | AD75: 0 | AE75: 0 | AF75: 0 | AG75: 0
C76: Sửa lỗi “ Room Management ” | E76: All team | G76: 2 | H76: 2 | I76: 2 | J76: 2 | K76: 2 | L76: 2 | M76: 2 | N76: 2 | O76: 2 | P76: 2 | Q76: 2 | R76: 2 | S76: 2 | T76: 2 | U76: 2 | V76: 2 | W76: 2 | X76: 2 | Y76: 2 | Z76: 2 | AA76: 0 | AB76: 0 | AC76: 0 | AD76: 0 | AE76: 0 | AF76: 0 | AG76: 0
C77: Sửa lỗi “Booking” | E77: All team | G77: 2 | H77: 2 | I77: 2 | J77: 2 | K77: 2 | L77: 2 | M77: 2 | N77: 2 | O77: 2 | P77: 2 | Q77: 2 | R77: 2 | S77: 2 | T77: 2 | U77: 2 | V77: 2 | W77: 2 | X77: 2 | Y77: 2 | Z77: 2 | AA77: 0 | AB77: 0 | AC77: 0 | AD77: 0 | AE77: 0 | AF77: 1 | AG77: 0
C78: Sửa lỗi “ Payment (VNPay) ” | E78: All team | G78: 1 | H78: 1 | I78: 1 | J78: 1 | K78: 1 | L78: 1 | M78: 1 | N78: 1 | O78: 1 | P78: 1 | Q78: 1 | R78: 1 | S78: 1 | T78: 1 | U78: 1 | V78: 1 | W78: 1 | X78: 1 | Y78: 1 | Z78: 1 | AA78: 0 | AB78: 0 | AC78: 0 | AD78: 0 | AE78: 0 | AF78: 0 | AG78: 0
C79: Sửa lỗi“ Wallet Management” | E79: All team | G79: 1 | H79: 1 | I79: 1 | J79: 1 | K79: 1 | L79: 1 | M79: 1 | N79: 1 | O79: 1 | P79: 1 | Q79: 1 | R79: 1 | S79: 1 | T79: 1 | U79: 1 | V79: 1 | W79: 1 | X79: 1 | Y79: 1 | Z79: 1 | AA79: 0 | AB79: 0 | AC79: 0 | AD79: 0 | AE79: 0 | AF79: 2 | AG79: 0
C80: Sửa lỗi “ Revenue Management” | E80: All team | G80: 1 | H80: 1 | I80: 1 | J80: 1 | K80: 1 | L80: 1 | M80: 1 | N80: 1 | O80: 1 | P80: 1 | Q80: 1 | R80: 1 | S80: 1 | T80: 1 | U80: 1 | V80: 1 | W80: 1 | X80: 1 | Y80: 1 | Z80: 1 | AA80: 1 | AB80: 0 | AC80: 0 | AD80: 2 | AE80: 0 | AF80: 0 | AG80: 0
C81: Sửa lỗi “ Admin Dashboard ” | E81: All team | G81: 1 | H81: 1 | I81: 1 | J81: 1 | K81: 1 | L81: 1 | M81: 1 | N81: 1 | O81: 1 | P81: 1 | Q81: 1 | R81: 1 | S81: 1 | T81: 1 | U81: 1 | V81: 1 | W81: 1 | X81: 1 | Y81: 1 | Z81: 1 | AA81: 1 | AB81: 0 | AC81: 0 | AD81: 0 | AE81: 0 | AF81: 0 | AG81: 0
C82: Sửa lỗi “ Info Pages ” | E82: All team | G82: 1 | H82: 2 | I82: 2 | J82: 2 | K82: 2 | L82: 2 | M82: 2 | N82: 2 | O82: 2 | P82: 2 | Q82: 2 | R82: 2 | S82: 2 | T82: 2 | U82: 2 | V82: 2 | W82: 2 | X82: 2 | Y82: 2 | Z82: 2 | AA82: 1 | AB82: 0 | AC82: 0 | AD82: 0 | AE82: 0 | AF82: 0 | AG82: 0
S83: 2 | Y83: 4 | AB83: 1 | AF83: 1
G84: 1 | H84: 1 | I84: 1 | J84: 1 | K84: 1 | L84: 1 | M84: 1 | N84: 1 | O84: 1 | P84: 1 | Q84: 1 | R84: 1 | S84: 1 | T84: 1 | U84: 1 | V84: 1 | W84: 1 | X84: 1 | Y84: 1 | Z84: 1 | AA84: 1 | AB84: 0 | AC84: 0 | AD84: 0 | AE84: 0 | AF84: 0 | AG84: 2
B85: Re-testing | C85: Kiểm tra lại “ Hotel Management" | E85: Tuấn | G85: 1 | H85: 1 | I85: 1 | J85: 1 | K85: 1 | L85: 1 | M85: 1 | N85: 1 | O85: 1 | P85: 1 | Q85: 1 | R85: 1 | S85: 1 | T85: 1 | U85: 1 | V85: 1 | W85: 1 | X85: 1 | Y85: 1 | Z85: 1 | AA85: 1 | AB85: 1 | AC85: 0 | AD85: 0 | AE85: 0 | AF85: 1 | AG85: 0
C86: Kiểm tra lại “ Room Management ” | E86: Toàn | G86: 3 | H86: 2 | I86: 2 | J86: 2 | K86: 2 | L86: 2 | M86: 2 | N86: 2 | O86: 2 | P86: 2 | Q86: 2 | R86: 2 | S86: 2 | T86: 2 | U86: 2 | V86: 2 | W86: 2 | X86: 2 | Y86: 2 | Z86: 2 | AA86: 2 | AB86: 2 | AC86: 0 | AD86: 0 | AE86: 2 | AF86: 0 | AG86: 0
P87: 2 | AC87: 1 | AE87: 0 | AF87: 0 | AG87: 0
C88: Kiểm tra lại “Booking” | E88: Long | G88: 2 | H88: 2 | I88: 2 | J88: 2 | K88: 2 | L88: 2 | M88: 2 | N88: 2 | O88: 2 | P88: 2 | Q88: 2 | R88: 2 | S88: 2 | T88: 2 | U88: 2 | V88: 2 | W88: 2 | X88: 2 | Y88: 2 | Z88: 2 | AA88: 2 | AB88: 2 | AC88: 0 | AD88: 1 | AE88: 0 | AF88: 0 | AG88: 0
C89: Kiểm tra lại “ Payment (VNPay) ” | E89: Sơn | G89: 1 | H89: 2 | I89: 2 | J89: 2 | K89: 2 | L89: 2 | M89: 2 | N89: 2 | O89: 2 | P89: 2 | Q89: 2 | R89: 2 | S89: 2 | T89: 2 | U89: 2 | V89: 2 | W89: 2 | X89: 2 | Y89: 2 | Z89: 2 | AA89: 2 | AB89: 1 | AC89: 0 | AD89: 0 | AE89: 0 | AF89: 0 | AG89: 0
S90: 2 | AC90: 1 | AD90: 1 | AE90: 2
C91: Kiểm tra lại Wallet Management” | E91: Toàn | G91: 2 | H91: 2 | I91: 2 | J91: 2 | K91: 2 | L91: 2 | M91: 2 | N91: 2 | O91: 2 | P91: 2 | Q91: 2 | R91: 2 | S91: 2 | T91: 2 | U91: 2 | V91: 2 | W91: 2 | X91: 2 | Y91: 2 | Z91: 2 | AA91: 2 | AB91: 2 | AC91: 0 | AE91: 0 | AF91: 0 | AG91: 0
C92: Kiểm tra lại “ Revenue Management” | E92: Tuấn | G92: 1 | H92: 1 | I92: 1 | J92: 1 | K92: 1 | L92: 1 | M92: 1 | N92: 1 | O92: 1 | P92: 1 | Q92: 1 | R92: 1 | S92: 1 | T92: 1 | U92: 1 | V92: 1 | W92: 1 | X92: 1 | Y92: 1 | Z92: 1 | AA92: 1 | AB92: 1 | AC92: 0 | AD92: 0 | AE92: 2 | AF92: 0 | AG92: 0
C93: Kiểm tra lại “ Admin Dashboard ” | E93: Sơn | G93: 2 | H93: 2 | I93: 2 | J93: 2 | K93: 2 | L93: 2 | M93: 2 | N93: 2 | O93: 2 | P93: 2 | Q93: 2 | R93: 2 | S93: 2 | T93: 2 | U93: 2 | V93: 2 | W93: 2 | X93: 2 | Y93: 2 | Z93: 2 | AA93: 2 | AB93: 2 | AC93: 0 | AD93: 0 | AF93: 0 | AG93: 0
C94: Kiểm tra lại “ Info Pages ” | E94: Long | G94: 1 | H94: 1 | I94: 1 | J94: 1 | K94: 1 | L94: 1 | M94: 1 | N94: 1 | O94: 1 | P94: 1 | Q94: 1 | R94: 1 | S94: 1 | T94: 1 | U94: 1 | V94: 1 | W94: 1 | X94: 1 | Y94: 1 | Z94: 1 | AA94: 1 | AB94: 1 | AC94: 0 | AD94: 0 | AE94: 2 | AF94: 1 | AG94: 0
E95: Sơn | G95: 1 | H95: 1 | I95: 1 | J95: 1 | K95: 1 | L95: 1 | M95: 1 | N95: 1 | O95: 1 | P95: 1 | Q95: 1 | R95: 1 | S95: 1 | T95: 1 | U95: 1 | V95: 1 | W95: 1 | X95: 1 | Y95: 1 | Z95: 1 | AA95: 1 | AB95: 1 | AC95: 0 | AD95: 0 | AE95: 0 | AF95: 0 | AG95: 0
B96: Release Sprint 2 | C96: Sprint 2 review meeting | E96: All team | G96: 5 | H96: 5 | I96: 5 | J96: 5 | K96: 5 | L96: 5 | M96: 5 | N96: 5 | O96: 5 | P96: 5 | Q96: 5 | R96: 5 | S96: 5 | T96: 5 | U96: 5 | V96: 5 | W96: 5 | X96: 5 | Y96: 5 | Z96: 5 | AA96: 5 | AB96: 5 | AC96: 5 | AD96: 0 | AE96: 0 | AF96: 0 | AG96: 0
C97: Sprint 2 retrospective | E97: All team | G97: 5 | H97: 5 | I97: 5 | J97: 5 | K97: 5 | L97: 5 | M97: 5 | N97: 5 | O97: 5 | P97: 5 | Q97: 5 | R97: 5 | S97: 5 | T97: 5 | U97: 5 | V97: 5 | W97: 5 | X97: 5 | Y97: 5 | Z97: 5 | AA97: 5 | AB97: 5 | AC97: 5 | AD97: 0 | AE97: 0 | AF97: 0 | AG97: 0
B98: Tổng | E98: Thực tế | G98: =SUM(G16:G97) -> 151 | I98: =SUM(I16:I97) -> 156 | J98: =SUM(J16:J97) -> 144 | K98: =SUM(K16:K97) -> 144 | L98: =SUM(L16:L97) -> 138 | M98: =SUM(M16:M97) -> 134 | N98: =SUM(N16:N97) -> 121 | O98: =SUM(O16:O97)-O30 -> 116 | P98: =SUM(P16:P97) -> 116 | Q98: =SUM(Q16:Q97) -> 104 | R98: =SUM(R16:R97)-R42 -> 96 | S98: =SUM(S16:S97)-S44 -> 93 | T98: =SUM(T16:T97) -> 85 | U98: =SUM(U16:U97) -> 79 | V98: =SUM(V16:V97) -> 76 | W98: =SUM(W16:W97) -> 66 | X98: =SUM(X16:X97) -> 55 | Y98: =SUM(Y16:Y97) -> 49 | Z98: =SUM(Z16:Z97) -> 38 | AA98: =SUM(AA16:AA97) -> 28 | AB98: =SUM(AB16:AB97)-AB84 -> 24 | AC98: =SUM(AC16:AC97)-AC90 -> 11 | AD98: =SUM(AD16:AD97) -> 10 | AE98: =SUM(AE16:AE97) -> 8 | AF98: =SUM(AF16:AF97) -> 6 | AG98: =SUM(AG16:AG97)-AG90 -> 2
E99: Ước tính | G99: =SUM(G16:G97) -> 151 | I99: =SUM(I16:I97) -> 156 | J99: =SUM(J16:J97)+K18 -> 146 | K99: =SUM(K16:K97)-K18 -> 142 | L99: =SUM(L16:L97) -> 138 | M99: =SUM(M16:M97)-M30 -> 133 | N99: =SUM(N16:N97)+O30 -> 126 | O99: =SUM(O16:O97)-O30 -> 116 | P99: =SUM(P16:P97)-(P33)-P87 -> 112 | Q99: =SUM(Q16:Q97)+R42 -> 107 | R99: =SUM(R16:R97)-R42+S44 -> 97 | S99: =SUM(S16:S97)-S83-S90 -> 90 | T99: =SUM(T16:T97)-T48 -> 83 | U99: =SUM(U16:U97) -> 79 | V99: =SUM(V16:V97)-V54 -> 75 | W99: =SUM(W16:W97) -> 66 | X99: =SUM(X16:X97) -> 55 | Y99: =SUM(Y16:Y97)-Y83 -> 45 | Z99: =SUM(Z16:Z97)-Z67 -> 38 | AA99: =SUM(AA16:AA97)+AB84-AA77 -> 28 | AB99: =SUM(AB16:AB97)-AB84+AC90 -> 25 | AC99: =SUM(AC16:AC97)-AC90-AC87 -> 10 | AD99: =SUM(AD16:AD97)-AD90 -> 9 | AE99: =SUM(AE16:AE97)-AE90 -> 6 | AF99: =SUM(AF16:AF97)-AF83 -> 5 | AG99: =SUM(AG16:AG97)-AG90-AG87 -> 2

Sheet Total
A1: SPRINT BACKLOG REPORT
B2: Giỏi | D2: Tuấn | F2: Sơn | H2: Toàn | J2: Long
B3: Thực tế | C3: Ước tính | D3: Thực tế | E3: Ước tính | F3: Thực tế | G3: Ước tính | H3: Thực tế | I3: Ước tính | J3: Thực tế | K3: Ước tính
A4: Sprint 1 | B4: 10.8 | C4: ='Sprint 1'!$E$8 -> 11.6 | D4: ='Sprint 1'!$D$9 -> 10.8 | E4: ='Sprint 1'!$E$9 -> 11.6 | F4: ='Sprint 1'!$D$10 -> 10.8 | G4: ='Sprint 1'!$E$10 -> 11.6 | H4: ='Sprint 1'!$D$11 -> 10.8 | I4: ='Sprint 1'!$E$11 -> 11.6 | J4: ='Sprint 1'!$D$12 -> 10.8 | K4: ='Sprint 1'!$E$12 -> 11.6
A5: Sprint 2 | B5: 8.6 | C5: 9.4 | D5: 9.6 | E5: 10.4 | F5: 8.6 | G5: 9.4 | H5: 8.6 | I5: 9.4 | J5: 8.6 | K5: 9.4
A7: Tổng | B7: =SUM(B4:B6) -> 19.4 | C7: =SUM(C4:C6) -> 21 | D7: =SUM(D4:D6) -> 20.4 | E7: =SUM(E4:E6) -> 22 | F7: =SUM(F4:F6) -> 19.4 | G7: =SUM(G4:G6) -> 21 | H7: =SUM(H4:H6) -> 19.4 | I7: =SUM(I4:I6) -> 21 | ... K7: =SUM(K4:K6) -> 21
E10: FINAL TOTAL
E11: Thực tế | F11: =SUMIF($B$3:$K$3,"Thực tế",$B$7:$K$7) -> 98
E12: Ước tính | F12: =SUMIF($B$3:$K$3,"Ước tính",$B$7:$K$7) -> 106
